a_node,a_node_interface,b_node,b_node_interface
7280CR3-1,Ethernet1/1,HARNESS1,Ethernet1
7280CR3-1,Ethernet1/2,HARNESS1,Ethernet2
7280CR3-1,Ethernet1/3,HARNESS1,Ethernet3
7280CR3-1,Ethernet1/4,HARNESS1,Ethernet4
7280CR3-1,Ethernet3/1,HARNESS1,Ethernet5
7280CR3-1,Ethernet3/2,HARNESS1,Ethernet6
7280CR3-1,Ethernet3/3,7280CR3-2,Ethernet3/3
7280CR3-1,Ethernet3/4,7280CR3-2,Ethernet3/4
7280CR3-2,Ethernet1/1,HARNESS1,Ethernet7
7280CR3-2,Ethernet1/2,HARNESS1,Ethernet8
7280CR3-2,Ethernet1/3,HARNESS1,Ethernet9
7280CR3-2,Ethernet1/4,HARNESS1,Ethernet10
7280CR3-2,Ethernet3/1,HARNESS1,Ethernet11
7280CR3-2,Ethernet3/2,HARNESS1,Ethernet12
7280CR3-3,Ethernet1/1,HARNESS1,Ethernet13
7280CR3-3,Ethernet1/2,HARNESS1,Ethernet14
7280CR3-3,Ethernet1/3,HARNESS1,Ethernet15
7280CR3-3,Ethernet1/4,HARNESS1,Ethernet16
7280CR3-3,Ethernet3/1,HARNESS1,Ethernet17
7280CR3-3,Ethernet3/2,HARNESS1,Ethernet18
7280CR3-3,Ethernet3/3,7280CR3-4,Ethernet3/3
7280CR3-3,Ethernet3/4,7280CR3-4,Ethernet3/4
7280CR3-4,Ethernet1/1,HARNESS1,Ethernet19
7280CR3-4,Ethernet1/2,HARNESS1,Ethernet20
7280CR3-4,Ethernet1/3,HARNESS1,Ethernet21
7280CR3-4,Ethernet1/4,HARNESS1,Ethernet22
7280CR3-4,Ethernet3/1,HARNESS1,Ethernet23
7280CR3-4,Ethernet3/2,HARNESS1,Ethernet24
7280SR3-1,Ethernet1,HARNESS1,Ethernet25
7280SR3-1,Ethernet2,HARNESS1,Ethernet26
7280SR3-1,Ethernet3,HARNESS1,Ethernet27
7280SR3-1,Ethernet4,HARNESS1,Ethernet28
7280SR3-1,Ethernet5,HARNESS1,Ethernet29
7280SR3-1,Ethernet6,HARNESS1,Ethernet30
7280SR3-1,Ethernet47,7280SR3-2,Ethernet47
7280SR3-1,Ethernet48,7280SR3-2,Ethernet48
7280SR3-2,Ethernet1,HARNESS1,Ethernet31
7280SR3-2,Ethernet2,HARNESS1,Ethernet32
7280SR3-2,Ethernet3,HARNESS1,Ethernet33
7280SR3-2,Ethernet4,HARNESS1,Ethernet34
7280SR3-2,Ethernet5,HARNESS1,Ethernet35
7280SR3-2,Ethernet6,HARNESS1,Ethernet36
7280SR3-3,Ethernet1,HARNESS1,Ethernet37
7280SR3-3,Ethernet2,HARNESS1,Ethernet38
7280SR3-3,Ethernet3,HARNESS1,Ethernet39
7280SR3-3,Ethernet4,HARNESS1,Ethernet40
7280SR3-3,Ethernet5,HARNESS1,Ethernet41
7280SR3-3,Ethernet6,HARNESS1,Ethernet42
7280SR3-3,Ethernet47,7280SR3-4,Ethernet47
7280SR3-3,Ethernet48,7280SR3-4,Ethernet48
7280SR3-4,Ethernet1,HARNESS1,Ethernet43
7280SR3-4,Ethernet2,HARNESS1,Ethernet44
7280SR3-4,Ethernet3,HARNESS1,Ethernet45
7280SR3-4,Ethernet4,HARNESS1,Ethernet46
7280SR3-4,Ethernet5,HARNESS1,Ethernet47
7280SR3-4,Ethernet6,HARNESS1,Ethernet48
7280SR-1,Ethernet1,HARNESS2,Ethernet1
7280SR-1,Ethernet2,HARNESS2,Ethernet2
7280SR-1,Ethernet3,HARNESS2,Ethernet3
7280SR-1,Ethernet4,HARNESS2,Ethernet4
7280SR-1,Ethernet5,HARNESS2,Ethernet5
7280SR-1,Ethernet6,HARNESS2,Ethernet6
7280SR-1,Ethernet47,7280SR-2,Ethernet47
7280SR-1,Ethernet48,7280SR-2,Ethernet48
7280SR-2,Ethernet1,HARNESS2,Ethernet7
7280SR-2,Ethernet2,HARNESS2,Ethernet8
7280SR-2,Ethernet3,HARNESS2,Ethernet9
7280SR-2,Ethernet4,HARNESS2,Ethernet10
7280SR-2,Ethernet5,HARNESS2,Ethernet11
7280SR-2,Ethernet6,HARNESS2,Ethernet12
7280SR-3,Ethernet1,HARNESS2,Ethernet13
7280SR-3,Ethernet2,HARNESS2,Ethernet14
7280SR-3,Ethernet3,HARNESS2,Ethernet15
7280SR-3,Ethernet4,HARNESS2,Ethernet16
7280SR-3,Ethernet5,HARNESS2,Ethernet17
7280SR-3,Ethernet6,HARNESS2,Ethernet18
7280SR-3,Ethernet47,7280SR-4,Ethernet47
7280SR-3,Ethernet48,7280SR-4,Ethernet48
7280SR-4,Ethernet1,HARNESS2,Ethernet19
7280SR-4,Ethernet2,HARNESS2,Ethernet20
7280SR-4,Ethernet3,HARNESS2,Ethernet21
7280SR-4,Ethernet4,HARNESS2,Ethernet22
7280SR-4,Ethernet5,HARNESS2,Ethernet23
7280SR-4,Ethernet6,HARNESS2,Ethernet24
7280SR-5,Ethernet1,HARNESS2,Ethernet25
7280SR-5,Ethernet2,HARNESS2,Ethernet26
7280SR-5,Ethernet3,HARNESS2,Ethernet27
7280SR-5,Ethernet4,HARNESS2,Ethernet28
7280SR-5,Ethernet5,HARNESS2,Ethernet29
7280SR-5,Ethernet6,HARNESS2,Ethernet30
AWE5510-1,Ethernet1/1,HARNESS2,Ethernet31
AWE5510-1,Ethernet1/2,HARNESS2,Ethernet32
AWE5510-1,Ethernet1/3,HARNESS2,Ethernet33
AWE5510-1,Ethernet1/4,HARNESS2,Ethernet34
AWE5510-1,Ethernet1/5,HARNESS2,Ethernet35
AWE5510-1,Ethernet1/6,HARNESS2,Ethernet36
AWE5510-2,Ethernet1/1,HARNESS2,Ethernet37
AWE5510-2,Ethernet1/2,HARNESS2,Ethernet38
AWE5510-2,Ethernet1/3,HARNESS2,Ethernet39
AWE5510-2,Ethernet1/4,HARNESS2,Ethernet40
AWE5510-2,Ethernet1/5,HARNESS2,Ethernet41
AWE5510-2,Ethernet1/6,HARNESS2,Ethernet42
ESX1,NIC1/4,HARNESS2,Ethernet48
7050SX4-1,Ethernet1/1,HARNESS3,Ethernet1
7050SX4-1,Ethernet2/1,HARNESS3,Ethernet2
7050SX4-1,Ethernet3/1,HARNESS3,Ethernet3
7050SX4-1,Ethernet4/1,HARNESS3,Ethernet4
7050SX4-1,Ethernet5/1,HARNESS3,Ethernet5
7050SX4-1,Ethernet6/1,HARNESS3,Ethernet6
7050SX4-1,Ethernet47/1,7050SX4-2,Ethernet47/1
7050SX4-1,Ethernet48/1,7050SX4-2,Ethernet48/1
7050SX4-2,Ethernet1/1,HARNESS3,Ethernet7
7050SX4-2,Ethernet2/1,HARNESS3,Ethernet8
7050SX4-2,Ethernet3/1,HARNESS3,Ethernet9
7050SX4-2,Ethernet4/1,HARNESS3,Ethernet10
7050SX4-2,Ethernet5/1,HARNESS3,Ethernet11
7050SX4-2,Ethernet6/1,HARNESS3,Ethernet12
7050SX4-3,Ethernet1/1,HARNESS3,Ethernet13
7050SX4-3,Ethernet2/1,HARNESS3,Ethernet14
7050SX4-3,Ethernet3/1,HARNESS3,Ethernet15
7050SX4-3,Ethernet4/1,HARNESS3,Ethernet16
7050SX4-3,Ethernet5/1,HARNESS3,Ethernet17
7050SX4-3,Ethernet6/1,HARNESS3,Ethernet18
7050SX4-3,Ethernet47/1,7050SX4-4,Ethernet47/1
7050SX4-3,Ethernet48/1,7050SX4-4,Ethernet48/1
7050SX4-4,Ethernet1/1,HARNESS3,Ethernet19
7050SX4-4,Ethernet2/1,HARNESS3,Ethernet20
7050SX4-4,Ethernet3/1,HARNESS3,Ethernet21
7050SX4-4,Ethernet4/1,HARNESS3,Ethernet22
7050SX4-4,Ethernet5/1,HARNESS3,Ethernet23
7050SX4-4,Ethernet6/1,HARNESS3,Ethernet24
720DP-1,Ethernet1,HARNESS3,Ethernet25
720DP-1,Ethernet2,HARNESS3,Ethernet26
720DP-1,Ethernet51,720DP-2,Ethernet51
720DP-1,Ethernet52,720DP-2,Ethernet52
720DP-1,Ethernet49,HARNESS3,Ethernet27
720DP-1,Ethernet50,HARNESS3,Ethernet28
720DP-2,Ethernet1,HARNESS3,Ethernet29
720DP-2,Ethernet2,HARNESS3,Ethernet30
720DP-2,Ethernet49,HARNESS3,Ethernet31
720DP-2,Ethernet50,HARNESS3,Ethernet32
720DP-3,Ethernet1,HARNESS3,Ethernet33
720DP-3,Ethernet2,HARNESS3,Ethernet34
720DP-3,Ethernet51,720DP-4,Ethernet51
720DP-3,Ethernet52,720DP-4,Ethernet52
720DP-3,Ethernet49,HARNESS3,Ethernet35
720DP-3,Ethernet50,HARNESS3,Ethernet36
720DP-4,Ethernet1,HARNESS3,Ethernet37
720DP-4,Ethernet2,HARNESS3,Ethernet38
720DP-4,Ethernet49,HARNESS3,Ethernet39
720DP-4,Ethernet50,HARNESS3,Ethernet40
710P-1,Ethernet2,HARNESS3,Ethernet41
710P-1,Ethernet3,HARNESS3,Ethernet42
710P-1,Ethernet17,HARNESS3,Ethernet43
710P-1,Ethernet18,HARNESS3,Ethernet44
710P-2,Ethernet2,HARNESS3,Ethernet45
710P-2,Ethernet3,HARNESS3,Ethernet46
710P-2,Ethernet17,HARNESS3,Ethernet47
710P-2,Ethernet18,HARNESS3,Ethernet48
7050SX3-1,Ethernet1,HARNESS4,Ethernet1
7050SX3-1,Ethernet2,HARNESS4,Ethernet2
7050SX3-1,Ethernet3,HARNESS4,Ethernet3
7050SX3-1,Ethernet4,HARNESS4,Ethernet4
7050SX3-1,Ethernet5,HARNESS4,Ethernet5
7050SX3-1,Ethernet6,HARNESS4,Ethernet6
7050SX3-1,Ethernet47,7050SX3-2,Ethernet47
7050SX3-1,Ethernet48,7050SX3-2,Ethernet48
7050SX3-2,Ethernet1,HARNESS4,Ethernet7
7050SX3-2,Ethernet2,HARNESS4,Ethernet8
7050SX3-2,Ethernet3,HARNESS4,Ethernet9
7050SX3-2,Ethernet4,HARNESS4,Ethernet10
7050SX3-2,Ethernet5,HARNESS4,Ethernet11
7050SX3-2,Ethernet6,HARNESS4,Ethernet12
7020SR-1,Ethernet1,HARNESS4,Ethernet13
7020SR-1,Ethernet2,HARNESS4,Ethernet14
7020SR-1,Ethernet3,HARNESS4,Ethernet15
7020SR-1,Ethernet4,HARNESS4,Ethernet16
7020SR-1,Ethernet5,HARNESS4,Ethernet17
7020SR-1,Ethernet6,HARNESS4,Ethernet18
7020SR-1,Ethernet23,7020SR-1,Ethernet23
7020SR-1,Ethernet24,7020SR-1,Ethernet24
7020SR-2,Ethernet1,HARNESS4,Ethernet19
7020SR-2,Ethernet2,HARNESS4,Ethernet20
7020SR-2,Ethernet3,HARNESS4,Ethernet21
7020SR-2,Ethernet4,HARNESS4,Ethernet22
7020SR-2,Ethernet5,HARNESS4,Ethernet23
7020SR-2,Ethernet6,HARNESS4,Ethernet24
720XP-1,Ethernet1,HARNESS4,Ethernet25
720XP-1,Ethernet2,HARNESS4,Ethernet26
720XP-1,Ethernet49,720XP-2,Ethernet49
720XP-1,Ethernet50,720XP-2,Ethernet50
720XP-1,Ethernet53/1,HARNESS4,Ethernet27
720XP-1,Ethernet53/2,HARNESS4,Ethernet28
720XP-1,Ethernet53/3,HARNESS4,Ethernet29
720XP-1,Ethernet53/4,HARNESS4,Ethernet30
720XP-2,Ethernet1,HARNESS4,Ethernet31
720XP-2,Ethernet2,HARNESS4,Ethernet32
720XP-2,Ethernet53/1,HARNESS4,Ethernet33
720XP-2,Ethernet53/2,HARNESS4,Ethernet34
720XP-2,Ethernet53/3,HARNESS4,Ethernet35
720XP-2,Ethernet53/4,HARNESS4,Ethernet36
722XPM-1,Ethernet1,HARNESS4,Ethernet37
722XPM-1,Ethernet2,HARNESS4,Ethernet38
722XPM-1,Ethernet49,HARNESS4,Ethernet39
722XPM-1,Ethernet50,HARNESS4,Ethernet40
722XPM-1,Ethernet51,HARNESS4,Ethernet41
722XPM-1,Ethernet52,HARNESS4,Ethernet42
722XPM-1,Ethernet55,722XPM-2,Ethernet55
722XPM-1,Ethernet56,722XPM-2,Ethernet56
722XPM-2,Ethernet1,HARNESS4,Ethernet43
722XPM-2,Ethernet2,HARNESS4,Ethernet44
722XPM-2,Ethernet49,HARNESS4,Ethernet45
722XPM-2,Ethernet50,HARNESS4,Ethernet46
722XPM-2,Ethernet51,HARNESS4,Ethernet47
722XPM-2,Ethernet52,HARNESS4,Ethernet48
HARNESS1,Ethernet53,HARNESS2,Ethernet53
HARNESS1,Ethernet54,HARNESS2,Ethernet54
HARNESS4,Ethernet53,HARNESS3,Ethernet53
HARNESS4,Ethernet54,HARNESS3,Ethernet54
HARNESS1,Ethernet49,HARNESS3,Ethernet49
HARNESS1,Ethernet50,HARNESS3,Ethernet50
HARNESS1,Ethernet51,HARNESS4,Ethernet49
HARNESS1,Ethernet52,HARNESS4,Ethernet50
HARNESS2,Ethernet49,HARNESS3,Ethernet51
HARNESS2,Ethernet50,HARNESS3,Ethernet52
HARNESS2,Ethernet51,HARNESS4,Ethernet51
HARNESS2,Ethernet52,HARNESS4,Ethernet52